"","V1","V2","V3","V4","V5","V6","V7","V8","V9","V10","V11","V12","V13","V14","V15","V16","V17","V18","V19"
"1",1.05265290822826,1.04946841571459,1.12060743616772,1.10333561968569,1.11838956451174,1.10817210855929,1.14090648558327,1.14057405928291,1.12543808705289,1.12206260091747,1.16141475340556,1.19810150218654,1.19891012138756,1.24301229620948,1.24378082934442,1.23843511295125,1.3002039926952,1.29064711313575,1.25452062128096
"2",1.10074215127768,1.09965264076813,1.10802519060067,1.09832297402758,1.11018415066044,1.11621346956627,1.12682710879412,1.15407428232284,1.14218731056031,1.13188911568509,1.14454930121213,1.13466104488766,1.15343325216776,1.16543121358876,1.17293490071389,1.19073521960022,1.19195641734758,1.21918958585461,1.22882649045523
"3",1.1354128492522,1.13541971646059,1.13909569264208,1.14283130747889,1.14320138186255,1.13849501871713,1.12967792828685,1.15609173236452,1.16565749209034,1.14798186127008,1.14945901533867,1.13575563549051,1.15330996783184,1.15519748224512,1.15728585661533,1.16977264710706,1.18991466005933,1.17230904390692,1.16904496048754
"4",1.11033784522484,1.11049200035491,1.11707876014769,1.1257743338807,1.13453852822071,1.1261170731606,1.13075780168252,1.13772213420864,1.15063932918161,1.14699208348137,1.14249709775099,1.15016209357979,1.15116887412614,1.15775097801832,1.16384393733193,1.15934325657604,1.1666049686271,1.16799331934165,1.15895575077374
"5",1.02523062425466,1.02523277256766,1.04468398616118,1.06729148270152,1.08472500836122,1.0972392439626,1.11505494373404,1.10387744982736,1.12081791059019,1.1337328366097,1.13216660653983,1.14271414435015,1.13924437845181,1.11290892237855,1.13243540674029,1.13204519856596,1.1452301533022,1.16816118705798,1.17044872246045
"6",1.02583792840567,1.02572178337104,1.02816934015917,1.04234033610734,1.05395387966285,1.06749446544187,1.08020349407609,1.09431152629486,1.10268030646605,1.09217789786314,1.07576580240198,1.08854749387001,1.08218528920845,1.1030915377728,1.1150707367485,1.11857510324171,1.12159767889921,1.13496203529214,1.14547456596383
"7",0.9165601427602,0.91639644423385,0.946987680272005,0.947574738257669,0.970389044364109,0.99182323568903,1.00246977561353,1.03027791545478,1.04390643295467,1.03533595699501,1.03825702504769,1.03776191061371,1.06110919233405,1.07064995507593,1.09393760988639,1.10963307358871,1.10034582730725,1.09830649664572,1.11496770703121
"8",1.06352497750981,1.06339712382991,1.04787480503928,1.03618414723808,1.01403520196209,1.01792962952358,1.01651017271473,1.03128838582868,1.03131668344996,1.0621179905732,1.0630907991171,1.05757640687243,1.06731197687013,1.05888315361408,1.07692584486004,1.08633483950865,1.09256652878411,1.11802473624714,1.1229011911941
"9",1.02695319003963,1.02689576569243,1.02864387317905,1.03073611597258,1.03489918910654,1.03683955796563,1.0347041066042,1.0341017280379,1.03602636353368,1.04902321844615,1.05746863261106,1.07470954650531,1.072301346657,1.07343827229421,1.07492933913273,1.07156815108396,1.08170579254261,1.09343664115465,1.10039782866677
"10",1.06436645706871,1.06419969433225,1.04704667781679,1.04394358770816,1.04953896590026,1.03712988656136,1.03867882689265,1.02481333983302,1.02994947313468,1.00716316648178,1.01887358052307,1.02578454071778,1.03007832799492,1.03921960638548,1.03269692404239,1.04255314852323,1.04777379992361,1.0566077465519,1.05927152097153
"11",1.02807087927387,1.02793438967947,1.02901056325571,1.0186877243393,1.01943556341885,1.02830065246973,1.0132352567818,1.01329135025791,1.02004262580671,1.02665687686412,1.04190746693596,1.03710534972607,1.04135080481369,1.04765720406727,1.05059302628681,1.05771778963929,1.04434057569732,1.0298043209078,1.03134304730472
"12",1.07745305397294,1.07731990226637,1.05393630147241,1.03020981499205,1.0210973353897,1.02414315206602,1.00004366147041,1.00779355432801,1.00915040246866,1.02145376547266,1.03066803039769,1.03626241917002,1.04764639279169,1.05876125773864,1.05016849849812,1.05299010652628,1.03325567512928,1.04820431478515,1.05751993239496
"13",1.0531739719389,1.05309164194084,1.0543137119949,1.03279719480137,1.02392346360185,1.01461546360974,1.0207236629034,1.02183467850287,1.02418452739741,1.02064114364014,1.02433224919003,1.02530405678985,1.01231810835201,1.00898926665236,1.0184116002529,1.03049622817833,1.04261090746516,1.02207622747758,1.02857572328618
"14",1.10117765756899,1.10136442780115,1.08868593559836,1.09651424091344,1.0839504916146,1.05579150533585,1.06507941076155,1.04790326439473,1.04324395767157,1.04553445339184,1.04165832684719,1.0331311531738,1.03396449506935,1.04065869027979,1.03757036331325,1.02161166034917,1.02804677938041,1.04176768091381,1.04257107432752
"15",1.11253262254293,1.11280396821694,1.11597766923062,1.11321162477967,1.10466697529935,1.08882062618958,1.09310821089095,1.08563975091798,1.05690326476079,1.04700279248758,1.04520182427983,1.0330282626815,1.03584713691655,1.0380240499905,1.04450302956813,1.01020516498276,1.01503866564972,1.02539014508261,1.01926095433677
"16",1.11231275443571,1.11247623490209,1.10315563687767,1.11866591940793,1.11418264357843,1.11161637196589,1.11354603420204,1.11166170183296,1.09435533440199,1.08502294333163,1.07608798259891,1.07822759317156,1.06956364763811,1.06571170052126,1.04988993498079,1.04853848954485,1.04708520315749,1.04684539354337,1.03187432976866
"17",1.08722172241315,1.08743181647652,1.09690137634488,1.0930368140771,1.09168757229649,1.10347423588325,1.1059360202936,1.10683139082785,1.10111880098409,1.10674953429582,1.10366965888018,1.1066184192839,1.09438113382282,1.08228695410302,1.06718095317341,1.06822580401075,1.06590280099117,1.07192193855573,1.06863253017514
"18",1.08636344593996,1.0866379802253,1.09295260022932,1.10591146374931,1.11752809836429,1.1193108652849,1.11690540787248,1.11493216224875,1.11926768113896,1.1202481415664,1.1161760125227,1.11467225167724,1.11347982695954,1.08769963335056,1.06966010069279,1.07468039479497,1.07241795109707,1.06312553446025,1.05296819520614
"19",1.08529250405714,1.08563670782465,1.09807597693431,1.10459523901076,1.11635741929662,1.12259109800642,1.12097663648959,1.11936187875466,1.11176854037964,1.1111088964547,1.11891924036149,1.11508807666274,1.11715782218918,1.10025080102547,1.10926567401794,1.11554910166015,1.10061233913155,1.09877348267078,1.09538950649537
"20",1.09619004706799,1.09661030150227,1.08906884299602,1.09858640435942,1.10198459668805,1.09946859791302,1.09865519493621,1.10272478481931,1.11412022920873,1.11338009727913,1.10841481488407,1.10377244879964,1.11446995830237,1.11428941778118,1.1174024262382,1.11042037718241,1.08666241108477,1.0784223613905,1.05564320431136
"21",1.08230506892996,1.08283724913652,1.08285960948483,1.08778408603056,1.07691620250059,1.07322102468496,1.08806292043534,1.09443251392296,1.10308492929912,1.10773518604754,1.10702863436152,1.10554181023704,1.11172440959392,1.12338214263323,1.1303533500857,1.12748513172796,1.13083936965137,1.12071255938813,1.12032925597731
"22",1.0203979551037,1.02083572700123,1.02875547553841,1.04399145763564,1.05596026303497,1.06674078456065,1.06401617552277,1.06372570185764,1.07330845163157,1.08372200391688,1.08350799293107,1.06831150762081,1.07109758249769,1.07846975470463,1.09266091179133,1.10434405629938,1.12291458178595,1.11514160876243,1.11903671546356
"23",1.05798360670682,1.05792823614973,1.05806299168753,1.06259518143859,1.04092560291604,1.05549813192554,1.05186586192524,1.04093424010665,1.05880026217701,1.06575558364588,1.05667275376328,1.06480965819323,1.0539812967033,1.0680783886581,1.08025375880374,1.08236235237642,1.09851239876575,1.09793506863317,1.11643930287287
"24",1.07056532300243,1.07046667863228,1.0678588754569,1.06754229501719,1.04434455075873,1.03389131897602,1.03207942268333,1.03474447675796,1.047364184979,1.04996305152796,1.05238413146676,1.06941916226463,1.06680988344829,1.07208418019086,1.06877195438052,1.07199617979664,1.08023071590819,1.08919633667055,1.09535889449856
"25",1.08294384823486,1.08287251445354,1.06614766236463,1.06148440657262,1.03330971573728,1.02633195358115,1.01960004195735,1.02840277825588,1.02029854941974,1.03160678769159,1.03884757216691,1.04803965813197,1.05402875352206,1.06368721067564,1.06657618579356,1.06332224449891,1.07056354051806,1.0836820514789,1.08980787229956
"26",1.08518552598872,1.08469531853253,1.08305376484362,1.08261065506871,1.08719822096536,1.08891500957575,1.07788723196208,1.07677864215964,1.05767850009001,1.05891794967808,1.06825320759764,1.06556318360831,1.05902384972988,1.06657582081081,1.06708732541333,1.07551375943926,1.07573311570341,1.07185693125754,1.07921228981514
"27",1.11110503157531,1.11059946571982,1.08165504660302,1.08179194666353,1.09972619379674,1.10296407459123,1.10364588071671,1.0976897143054,1.07727420370401,1.0686490454868,1.07498027140018,1.08021620542571,1.08228595972287,1.07521766117933,1.0687306116992,1.07161578542429,1.07020763138898,1.05905181761086,1.07187674503689
"28",1.11275257758891,1.11222113767574,1.12282840932213,1.1139838754474,1.12195952535508,1.10193196727333,1.10758973105,1.1097775232357,1.11270627180149,1.09634752711894,1.09533929709204,1.0904476995772,1.09663311878951,1.08818929546625,1.0752698330777,1.06506519286475,1.06591782571278,1.07323000925689,1.07017620935751
"29",1.08905007034876,1.08870247055862,1.10013589294874,1.10153867079059,1.10200702226964,1.1119345861089,1.11200913110261,1.10926722647089,1.10517029827888,1.08124085932144,1.07176370610174,1.06970352614651,1.07393019056138,1.06500210813585,1.07469366578146,1.0783148699816,1.06862459031942,1.07086585399877,1.04888476359637
"30",1.07628121458262,1.07627366665089,1.08570866061897,1.09886713251879,1.09433008366692,1.09971131811754,1.0945113174865,1.08635100441359,1.09479854478517,1.07307707630125,1.07115712680201,1.0830915615787,1.07683936320904,1.06450298558491,1.07068207564434,1.08007077531012,1.08075313207231,1.08941215736342,1.08222205751302
"31",0.878682408683701,0.879093780157516,0.910526766658148,0.951380115542655,0.976165996733822,0.996667276544191,1.02001482728762,1.04204832634014,1.05668237841074,1.07282184685056,1.07948611939691,1.07729112791426,1.07097839045974,1.07558475418359,1.07563040208138,1.07819165250712,1.05883842919648,1.04012948593123,1.0502188577568
"32",0.975447663810087,0.975817489298374,0.967251962768284,0.964653833820925,0.971264358310144,0.972804041336233,0.992897624735053,0.996886953283244,1.01372970763909,1.02330238518483,1.03814494375041,1.05066024627559,1.05634752938382,1.07133135079809,1.07462596296812,1.06361279567868,1.07399977972481,1.08237896830177,1.06611758052095
"33",1.02411909883905,1.02430140628847,0.99970133947271,0.984867483563056,0.970551740812088,0.971304007391218,0.974739117089788,0.980042481086288,0.987541676004737,1.0063228618552,1.0153960068624,1.02477951699225,1.03939134048161,1.0331978832091,1.01296320469241,1.03283771775664,1.05417815349563,1.06647650054165,1.07176546415513
"34",1.07383922307277,1.07372327264081,1.05823895059204,1.0265508043483,1.01961068972875,1.00923329721234,1.00240942353308,0.998565385034879,0.999874865524286,1.00927086659059,1.01655049973615,1.02449377901429,1.02774272294728,1.04526626558633,1.05475365264348,1.05588310453609,1.04759793410808,1.05114245475445,1.06658821757112
"35",1.08518552598872,1.08533373606064,1.08216833552367,1.06670534961687,1.06576233015962,1.05684334747348,1.04369466141098,1.02780305507919,1.02203922280142,1.02820353619004,1.02923789177168,1.03643471335944,1.03516552302482,1.04505284706931,1.05576367799224,1.02609339050673,1.01229938997708,1.02567760994244,1.04147327035488
"36",1.07140828782369,1.0718114986532,1.083694338171,1.08243699781362,1.08639660663057,1.08375471013681,1.07771666145907,1.06946933952102,1.05557469548885,1.04325238374123,1.03588063786029,1.03498055555578,1.03720084071683,1.04055610491568,1.04090005378985,1.05908831103558,1.05404172269717,1.04529192103219,1.04475530353508
"37",1.02089923136382,1.021440738256,1.03367289933489,1.04819386396373,1.05676625968063,1.05155472746308,1.06527525155618,1.05929517046744,1.04045496424527,1.0338326574962,1.01628483162399,1.02445752724907,1.03215648421055,1.02726182465881,1.03019309992401,1.03235753129894,1.02610021784861,1.02863599090719,1.03909388746142
"38",1.0186972918452,1.0193817612052,1.02446329581689,1.03185505749873,1.03849696546817,1.04550333429374,1.02776191747619,1.0385126232828,1.02759878747008,1.01193547393232,1.02809070924902,1.02874824439715,1.02131256282617,1.02651991730255,1.02308456386321,1.02541684215772,1.019361636239,1.01679986847441,1.0300478352293
"39",0.969807580297268,0.97014954903359,0.975121589690711,0.987910224301272,0.999375323784752,1.01480858353903,1.01448273641994,1.02130709015848,1.0234054011364,1.02355834658927,1.02505167242694,1.03032211151916,1.01711615151654,1.02233707553899,1.02660189892571,1.02908573694855,1.045619837893,1.03103162245095,1.02127956594337
"40",0.884083008741425,0.884396040991182,0.894481237885429,0.910996113749078,0.940379816204105,0.955593033589323,0.96524785076376,0.982527675759459,0.996260248540574,1.00946843288628,1.0107677273946,1.02201956572085,1.01613001211137,1.02066071654666,1.02495808804752,1.01921805737427,1.01793456626978,1.03308798858079,1.02640346532346
"41",0.967910460617501,0.968253511056955,0.966035752720983,0.954743478156097,0.954684012310826,0.95979806947564,0.967251838138867,0.975722015027478,0.958809361630818,0.966563123792277,0.977996881382536,0.988905941408099,0.993589902825306,0.999991169226629,1.00592485345164,1.01683220247143,1.0143919008305,1.02324193236376,1.01530634340552
"42",1.03918240603251,1.03961504648382,1.0254809599842,1.02186550611129,0.992652970297788,0.981617855812859,0.982220304447559,0.975004597836695,0.986880182159457,0.993716886937412,0.973887684749004,0.972813383891093,0.985018376609137,0.993654317024879,0.999464097323616,1.00272476092362,0.999832634615196,1.00621050398038,0.999184193236378
"43",1.06231172092209,1.06271314267457,1.04147923020486,1.04120351481226,1.02518995489945,1.01370574090384,1.01182120136954,0.994662074631639,0.989877547796743,0.994259259082675,0.976426649142582,0.953449901587665,0.945312666102822,0.936770227059179,0.950445457810236,0.963777604566386,0.977748659166815,0.984738484297186,0.998652861103629
"44",1.06158652275099,1.06190607009412,1.05905000843374,1.05288676078789,1.04404997723538,1.02202266525263,1.01953035749219,1.02652982918461,1.00933588816108,1.00196513073427,0.985457319774052,0.996321301742781,0.983678657038563,0.981416766889768,0.979374427615999,0.97839326870785,0.98756800312341,0.985854657336443,0.981209602404838
"45",1.05065012666423,1.05054496985068,1.03567506722305,1.04047791855347,1.03971057659,1.04771115868178,1.03624229297726,1.0403847734889,1.04447201157982,1.0440113909897,1.0440035046227,1.03337686681871,1.02823433232552,1.01763874330586,0.992420410414744,0.987030916430247,0.98172331558133,0.967710239473635,0.972172367322995
"46",1.06459737939253,1.0641719778545,1.06096194926215,1.04557489719425,1.05623744276206,1.04795671468781,1.04092460509423,1.04399491997024,1.04481519315012,1.04942342207236,1.0457102325311,1.04782472321063,1.05051726447378,1.04151534845244,1.02862728069761,1.00403344112924,0.990870037002667,0.955925609154199,0.964761075275048
"47",1.10337238530576,1.10268898373863,1.10423343036269,1.08854289240278,1.09074666859317,1.09593172294802,1.08789566697425,1.06833957652575,1.06891145988962,1.05801916236785,1.06242422549454,1.05746880646188,1.05388166163577,1.04462234298157,1.03892485054497,1.03188275943387,1.0355327286054,0.991716617734712,0.989910432659276
"48",1.10510554436377,1.10448707691982,1.09920238246925,1.10156417773892,1.10441368506429,1.10610962296438,1.1033972623805,1.10034278300922,1.09918829767103,1.09091760581056,1.07760642567223,1.07242529757083,1.06516623342043,1.05653324994131,1.05424785821975,1.05312665003622,1.0399259092379,1.01783711125536,1.01395977310091
"49",1.08102976837741,1.0807638883032,1.09170308245107,1.09893281240212,1.10522212782236,1.10571582021907,1.10984242868746,1.1099252299696,1.10745044872211,1.10246595125084,1.10014460684567,1.08376174137044,1.08119986056927,1.07700102793969,1.07669543436347,1.07636506116979,1.06610074330088,1.08616539035052,1.0695171695149
"50",1.08039324447062,1.08043765269175,1.09236582497871,1.09500191141232,1.09823814696995,1.08943053250907,1.08941175575373,1.09372840111737,1.10408119325335,1.10026732126493,1.09985095980795,1.08862388605109,1.09704681200083,1.09725186170244,1.09028618525937,1.09213008781447,1.07651517260147,1.09610569694503,1.07936262946897
"51",1.06804436855265,1.06811758083297,1.04551867906548,1.03482925774532,1.03952923475286,1.04582680663286,1.05957607534094,1.05982381102861,1.06815575119765,1.08161348281211,1.09788587173156,1.09638863312312,1.09799431504257,1.09265086368382,1.09344687465193,1.08612903925469,1.08133875653985,1.09322162132409,1.09525197175053
"52",0.99610276569647,0.995954024522616,1.01514669484079,1.02220091493278,1.00293343795589,1.01762968882452,1.02854851648346,1.03756244644759,1.02982028449444,1.04724785532735,1.05554386359045,1.07053266827252,1.06358316848621,1.06874473987205,1.07404332061905,1.0777621838736,1.08825054833333,1.09135060105743,1.10015230201429
"53",0.961453915041953,0.961029421450104,0.982165204861614,0.991598585690311,0.988231870461525,1.00142956561551,1.00432615090545,1.01272338486836,1.02013022117929,1.02639765532729,1.02660420321607,1.04861591087538,1.0425906851052,1.04128730586121,1.05131253009383,1.06661915772653,1.06243144264363,1.07930493153428,1.08761091826823
"54",0.986376797225856,0.986096867436637,0.9889176163974,0.988807500499444,0.992911034424738,0.992252118673992,1.00424486762865,1.01222024689257,1.01516476451636,1.00422604282777,1.00652334645708,1.00623613953183,1.00213726152362,0.99983347292808,1.00979261798129,1.01050021714788,1.03025266401358,1.04790093621219,1.05749243494601
"55",0.99963678556097,0.999309565713584,1.0000197292057,0.9723330694834,0.986374737850006,0.998951844114023,0.997639665657112,0.999710724499065,1.01082058379556,1.00250376466042,0.993736606533728,0.989779871772549,1.00456968918472,1.0158334442097,1.00922260560158,1.01192982448565,1.01419673588488,1.00934846232738,1.00909012809266
"56",1.02381637371376,1.02374150948277,1.02366789002046,1.01270809859717,1.00955381552283,1.00247243499943,0.996599552979007,0.995241390715515,0.987920080929942,0.98709345465709,0.991948480503817,0.988582919491258,0.981436216033198,0.992804025817831,0.992781655536328,1.00168837066272,1.00223837528295,0.997791656572429,0.990284747135367
"57",1.06079933439347,1.06069292504264,1.05518202749546,1.06229318503037,1.04520344160452,1.03710991898989,1.01981324135021,1.01675319553823,1.01950656141016,1.01237423486688,1.01629792349763,1.00507327378389,1.01193669485162,1.01710442030953,1.01430269867154,1.02200327977504,1.03021096990348,1.02242469153856,1.01926312124294
"58",1.09932913182803,1.09888591891272,1.08318323302095,1.07738055638515,1.06735599288406,1.0593951240444,1.03707205445418,1.03464800750146,1.03694586444334,1.03558678092405,1.0321647555689,1.01449805631938,1.00722797925204,0.992844014844036,0.994521188395128,0.99288247153321,1.00196621803879,1.01493512847573,1.02023431046921
"59",1.10215880784303,1.10140037285427,1.09733607614004,1.09727764995885,1.09417463791991,1.05775467626018,1.04387687740036,1.04394251340035,1.04782494503271,1.04498941667626,1.04663594422812,1.03650599592785,1.04475551941384,1.00784466267088,1.00043707144737,0.998553876819939,0.975707177659805,0.995162292959047,1.00826536572285
"60",1.11639443368932,1.11568957658042,1.11880406053917,1.11682129134186,1.11142920413284,1.10714646255511,1.09068384611707,1.07536164665652,1.0623672499185,1.05551948706981,1.05392992981688,1.05094558157393,1.05867072413958,1.07140260656865,1.04625347867246,1.03076501255608,1.03034999289097,1.03104266723285,1.03087591121293
"61",1.11816877668515,1.11753358517038,1.11835325286235,1.11769676534059,1.10484912330733,1.09050819611925,1.07604915514526,1.0706540026272,1.06921096391007,1.065093080226,1.05735796957644,1.05548556188944,1.05749974306837,1.04351314403326,1.04232222929176,1.02983247361879,1.0139999273548,1.00568041826362,1.00146006932828
"62",1.03432057091972,1.04377857432704,1.05430130942722,1.04936418227102,1.05612710118856,1.06358839555372,1.06082299533831,1.06450512663212,1.0626855798996,1.06249289474538,1.03836723216746,1.0341089434941,1.03687896965265,1.03586639870225,1.04704374666659,1.0460379962002,1.059804665084,1.05412175150431,1.04440473549819
"63",0.962169815202074,0.980064589003905,0.987551631704825,1.00888681818017,0.99914493597312,1.00831440089663,1.03677416131935,1.04070979707564,1.03194222985146,1.03826971272947,1.04735068762757,1.0385407476218,1.02030662237193,1.00016620346705,1.01396805357444,1.02727302327328,1.04108575689348,1.04286058815293,1.04397360868444
"64",0.878577918980825,0.907317705164374,0.917974976895609,0.945662312547759,0.959951855202344,0.958345178457376,0.978565064302809,0.987161640337526,0.989817821761346,1.00794987398265,1.02006001893825,1.01985589837147,1.02714979639262,1.03812752406848,1.03783069810946,1.04021119276563,1.03789437972412,1.02401450563211,1.02838645641755
"65",1.04747997346912,1.02593240128157,0.984197527965,0.963953982204224,0.968082288380029,0.960171714816393,0.978978007929595,0.984562680687854,0.988718428374203,0.993417814768537,0.998553724114975,1.01518686630215,1.01384605969335,1.02346746320282,1.0287961881187,1.02933684357191,1.02069965329625,1.03380085323434,1.038220892606
"66",1.01126154518939,0.980634434317119,1.00602808575093,1.01486941982511,1.01819832520631,1.02647395168909,1.03372871596503,1.0240493243969,1.0198484609046,1.00996063451593,1.01583595495937,1.02572704781124,1.02813893495326,1.03950312687436,1.01793819759473,0.982858020652037,0.968617353812116,0.981701008356709,0.970090525768078
"67",1.04788795008975,1.02723944220336,1.02956526068973,1.03489442519663,1.01611243436407,1.04197589156466,1.03679500993714,1.02461520138188,1.02810006640918,1.01187141595425,1.00115005757052,1.00325565933328,1.01614239459331,1.02293332358134,1.02065222164417,1.00043543827963,1.01188647851006,1.00773056698772,1.01495934424857
"68",1.07291756760117,1.06201009238043,1.05040647050776,1.04804393689693,0.991054720313785,1.00102586522747,1.00299599410421,0.975298856966933,0.979248554113991,0.983297971103976,0.990144255341601,0.98361460109611,0.99014537115519,1.00301027532798,1.01832636878974,1.00234276522084,1.00631293840873,1.00349222021835,1.01183022189961
"69",1.07480300313927,1.0809808417608,1.07488740222925,1.05640118411456,1.03105196516923,1.02387055307205,1.01243962225095,1.00516276339378,1.01302485596588,1.01260275518431,0.995891578945576,0.994602328650902,0.999571249122269,1.00001770089352,1.00875417251627,0.986559412865582,1.00763361557534,1.00627343550478,1.00653704812365
"70",1.07522288906686,1.08271409172901,1.07742393655182,1.06962023681982,1.08550949736946,1.06797198844899,1.05109874953994,1.05694703584002,1.01134133604684,1.01662562780688,1.01714398723691,1.01705054143734,1.01661010649959,1.02069898666797,1.02438250049117,1.02442112259461,1.01485396988057,1.01998676736186,1.00213256249608
"71",1.10035240223748,1.08700617689899,1.05622163709006,1.01978544655405,1.04925376243853,1.05018186650147,1.05740378653519,1.0610702874755,1.0732805922103,1.06456231615939,1.05435484491707,1.04881904306349,1.0367715779372,1.02632282536238,1.02421173529135,1.04652154276426,1.02483540206364,1.02231121730339,1.01479924341119
"72",1.01630598364838,1.01811093404658,1.01808608123595,1.03812285236823,1.05081206609433,1.05844354897962,1.06905782150806,1.05953981074236,1.06450875797878,1.05769261298542,1.06053859616012,1.05707785048799,1.04801402853153,1.03056459343826,1.03354255959155,1.04790968681923,1.04174152946012,1.03466830837264,1.03425365511055
"73",1.0411147279854,1.04196398533572,1.04517577393062,1.04715941578931,1.05542766100674,1.05231236259854,1.05762804209429,1.05920461515718,1.06119022944213,1.05927023989667,1.05738913016412,1.0567334200276,1.04268292730859,1.02260146888028,1.02995005591186,1.04122162031727,1.0376267773189,1.03577557707153,1.0453057651477
"74",1.06563956968073,1.07145747251335,1.07464966300408,1.06910750812034,1.07296962670719,1.05996959745193,1.04821409547942,1.05355028588238,1.04738943185194,1.05475673028763,1.04960875903023,1.04337559089557,1.05114638131065,1.0585138986658,1.03652047159421,1.04198117392246,1.03504152721989,1.03733075582663,1.04544485565028
"75",0.945191872611628,0.97297813857476,1.0051913202986,1.01489550326497,1.02984315737172,1.03392674756417,0.994332556774316,1.01478824254882,1.01518366149834,1.0294570750396,0.997888277396979,1.00378497882198,1.0123737240473,1.0204534822637,1.01261421895468,1.0244588123322,1.02550317091112,1.02102847937115,1.01291186578154
"76",0.957591140860991,0.965482357152869,0.974334095033251,0.986655887243534,0.995619323889698,1.00911559031012,1.00726313717887,1.00721801791911,1.00897494871815,1.015663663814,1.03472055492607,1.01845633033268,1.02360916831489,1.02968111008464,1.03694656759259,1.04361821728397,1.04533243755286,1.02607607150988,1.00034061072056
"77",1.04152244865428,1.02873673663316,1.01848370729908,1.01874541019863,0.999623777937625,0.980374860032144,1.01680738707519,1.01477040628393,0.996738727553729,1.00883648032861,1.02261641118534,1.02154928825297,0.999327449130578,0.99880465049898,1.00789805978216,1.00205057541785,1.02107839624387,1.0239966390641,1.01980296636929
"78",0.993079544065711,0.998334714427507,1.00321621774092,0.986397602093314,0.972318490784597,0.970687820446513,0.979248938079562,0.983747443938582,0.988990455362664,0.98819013084577,1.00011001994365,0.988277763360982,0.989396691834233,0.999047948508277,0.997781809617397,0.959490278854574,0.972755120231956,0.995396831377527,1.01480660858397
"79",0.993760601850413,1.00034233774994,0.999383304585779,0.993635361335503,0.980810493571707,0.98885502069506,0.983491920921565,0.984335167236501,0.99953745149053,0.992102198062731,1.00079635252584,1.00155428226988,0.967275665000987,0.951593534116821,0.973762799837464,0.98294557087725,0.975688320871576,0.958890381861984,0.973427793026119
"80",0.945840470112685,0.95360458735803,0.950970567692839,0.961260222001832,0.96317293274471,0.969874504943838,0.959477654974629,0.9648065100504,0.971968354191053,0.979621184767024,0.985515079319935,0.991656875516587,1.01611452246772,1.01878034096023,1.00839329295614,0.999063773456972,0.982192835039655,0.971500812598794,0.972015231141885
"81",0.958624445015344,0.965688086598292,0.957010533969134,0.952127353597977,0.982467798015189,0.983521020409755,0.973890976420538,0.980370736879232,0.977197929825787,0.983662028304477,0.9697466342124,0.9829248859146,0.991313554007476,0.981101003470018,0.982800270808411,0.984624921817407,0.986373232721753,0.996726237858428,0.989007252910591
"82",0.959471535835681,0.970663339685034,0.97130349818555,0.934902267623069,0.956322040001854,0.966992136934307,0.981462880108242,0.989612813519069,0.972400770489287,0.975877852773842,0.955626206236883,0.96104351904129,0.963678000392316,0.98377597978989,0.992686556385667,1.00443838397838,0.995547286175837,1.00252215087266,0.99572837155328
"83",0.947512386882009,0.941145461962511,0.947519514060032,0.968133051464662,0.944051411927384,0.955279124277967,0.958421110441366,0.954278291298336,0.960570799563366,0.964377737054717,0.964468264002537,0.956962096491318,0.948280923729659,0.953961374391467,0.961335867254864,0.981642223031573,0.998091658584671,0.965113655236109,0.979836293765185
"84",0.985019220037382,0.922682298495441,0.942484688190489,0.932746701539319,0.920352050349216,0.931653135997605,0.920556358743242,0.909430569388026,0.9330464392438,0.931237029576219,0.955374883913477,0.973940739504095,0.990094510473496,0.996172258894559,0.983150023763959,0.971221199452982,0.98427515992258,0.998370428096254,0.98440634440004
"85",1.02190326286595,1.01636838518222,0.993564867854549,0.987050557913979,0.991836082621322,0.983145136442181,0.980490565911401,0.978767141498194,0.983216173176127,0.973955191548963,0.983976674177305,0.977667819901597,0.978054718679578,0.980414509411532,0.97646206085338,0.980864844844756,0.968935295687176,0.977398328178699,0.96335461022837
"86",1.02240601956322,1.02550502169972,1.00646140875296,1.00951791683785,1.01435299322253,0.952298041734535,0.934141269335218,0.940608815645135,0.945363118251212,0.952026698686202,0.955613152559927,0.97308843631233,0.963872486712583,0.97256636081847,0.965792000044925,0.96723938469586,0.957761077791045,0.933837068020037,0.940146245374158
"87",1.05839980796831,1.00197849255305,1.00222334210132,1.0122443017885,1.00836788451553,0.974438819552841,0.950525438373294,0.954513494137878,0.950924184852606,0.945322224679354,0.925233438245993,0.933484525039388,0.948013694289223,0.959205834095764,0.970571917311509,0.984513360437188,0.987501245635808,0.958889366341306,0.953373844969625
"88",1.0214010003756,1.01976711733086,1.0212756412206,1.0237625121816,0.978346554748086,0.989475235926138,0.99416086296337,0.9862981135113,0.972727694095131,0.945132635689641,0.94513974006747,0.937058503032715,0.936952802516062,0.938890059295458,0.906771202124909,0.920249363947193,0.943397704380588,0.971545821000389,0.958439258235977
"89",0.959754232222198,0.953599012302523,0.974495011802939,0.974774108658605,0.976441763524898,0.989423573721845,0.991240958945957,0.988825392436009,0.963262733714475,0.976881191588572,0.972689687936236,0.965970601175381,0.951811354155751,0.937084524315722,0.937365328488606,0.931400357669053,0.942313593913281,0.955527970707021,0.964470368630717
"90",0.910086498432289,0.929498002354426,0.925727542093788,0.940713210442,0.959119192020959,0.975411689577993,0.989658366360913,0.964415323030533,0.97594841433396,0.976087268039102,0.979802617957427,0.975670922496593,0.990722377098926,0.984040911962821,0.960441427335773,0.940465022498073,0.938167942280808,0.93896525911319,0.935338924432336
"91",0.873768752518199,0.910344878875526,0.900451763203206,0.903977374403511,0.913076530452971,0.910302999671208,0.913451770517503,0.90018317960229,0.917231008077662,0.929242099256251,0.911412572441388,0.914588071052649,0.93226445506856,0.913605335965119,0.926720741920463,0.938125291799508,0.933060206727262,0.931872155665647,0.923791514814246
"92",0.776911996023814,0.824460167238671,0.838138325831769,0.837737305343121,0.858920680352802,0.868967482003673,0.89280050882651,0.905756105652624,0.915863653771748,0.913760268204054,0.923428202362842,0.917207264440816,0.923346294859963,0.923339207515184,0.918741748356913,0.910291589372282,0.8841490087918,0.896148737063068,0.931545693503804
"93",0.80237161210973,0.791522558869698,0.825329802291963,0.832689398991141,0.846197832617021,0.8622828790755,0.879190711352669,0.88944011621373,0.901210545818354,0.905794639103495,0.93016411934222,0.928790628538519,0.898718003526237,0.908871529750975,0.917565485944128,0.878390415022682,0.882629488771438,0.899084860413774,0.915965855056265
"94",0.875830946446848,0.849604434266289,0.832617686544701,0.838650104280356,0.847057310872293,0.864336905274997,0.874658119107617,0.868912219634908,0.87753972196596,0.888542609794017,0.896526598168895,0.907617371253569,0.900363882764464,0.901378248938665,0.903824756154201,0.899874139183595,0.889109724189405,0.894003789123211,0.899210042299655
"95",1.02240601956322,0.981930233365096,0.940696169113078,0.941577432345852,0.92947174751173,0.920791110523408,0.912624274850925,0.896195116567197,0.889025482220976,0.886348808183102,0.892142687064609,0.885377179821992,0.901717173509364,0.904353959716562,0.878055379885867,0.899833788054191,0.900878018056814,0.90028037889936,0.884454232976237
"96",0.8516698122046,0.877709078955596,0.895268874745059,0.872853424703891,0.880185786381177,0.88482184679121,0.88473286088134,0.912631641031902,0.908689728717335,0.908013774610913,0.910281616198421,0.911099132058714,0.919013342550161,0.911140614234279,0.896249577488613,0.912800507987671,0.930087730057992,0.930650887978164,0.880658739445625
"97",0.803160959490064,0.828265466766893,0.844513280190137,0.851549029082504,0.86089498225655,0.864378631059007,0.879302615941048,0.893112764132058,0.893368692288548,0.887202392067843,0.896772732922655,0.902266821892519,0.907114980732682,0.872024912683795,0.882569186687918,0.898332155829838,0.907761933997594,0.910371881189255,0.911817809205309
"98",0.779206027508136,0.795155593803624,0.788338050530951,0.79764085195578,0.792384475719873,0.78722981549647,0.805774589681752,0.818668256774055,0.822652495778887,0.814269403183948,0.811102223563827,0.832024309601502,0.845747414118402,0.869093861531892,0.881341927050143,0.883024349846979,0.891992173826121,0.89628167324303,0.917332652450064
"99",0.730793364711993,0.74618052088759,0.77155846422913,0.782983797256708,0.767207437159518,0.765817020665729,0.76537496269637,0.773928817747516,0.78449942034191,0.789266475176977,0.784250682577247,0.799296933782028,0.810992937063439,0.8440703083887,0.871824745030251,0.869861926911033,0.838799154717838,0.828708654250847,0.8579241631987
"100",0.95068663273421,0.904343290656109,0.844396155593488,0.832959642248875,0.782039424957156,0.802808148770419,0.773864005266554,0.77536047575959,0.774658089605624,0.780770824267951,0.780644891336919,0.787051277434046,0.772208682794055,0.793614740185442,0.815426620206587,0.824015068106307,0.808284387178463,0.806156205763451,0.829197867330633
"101",0.853516705833826,0.851759770978551,0.847054800892189,0.839521006256128,0.816893926488154,0.785901705070973,0.765770514336758,0.768046742501381,0.764804906824171,0.762396563908275,0.780895127546382,0.779266488902499,0.781881038041727,0.797807521677153,0.811099541764164,0.80148391034247,0.817867206843696,0.824331960342378,0.829277504206013
"102",0.879376470617891,0.87772607418851,0.872829872977552,0.864246624773188,0.877350980884165,0.869503087182506,0.85279734855537,0.834155486788321,0.818075328987686,0.821920967529018,0.81854918457403,0.80969269235611,0.808689583410057,0.785113010158734,0.79462246108095,0.784741675206402,0.801085041269995,0.815567903827347,0.819283678512818
"103",0.843485326990537,0.850288570985112,0.865925308360457,0.866608372358241,0.889766495024883,0.889129365343138,0.898545345274108,0.861022849856818,0.863526147636753,0.866700169111956,0.855532801978222,0.808475331312234,0.81055859390094,0.807631609392254,0.806531125497409,0.792269138056231,0.80138304131681,0.804675629765273,0.808367965150377
"104",0.843652073126149,0.839562566105742,0.847629277172119,0.844192573878521,0.862100734830279,0.874681312023601,0.894696209139982,0.91198436402865,0.891393685937361,0.86698500553347,0.840295750107298,0.837540722035229,0.829795298196845,0.796861564978189,0.786450602241892,0.804284637997445,0.814030743954409,0.816924528940479,0.813729605695537
"105",0.892383027105931,0.882434161441689,0.876359106516576,0.851868568740968,0.861877343968678,0.866697695204602,0.864612826956452,0.877096561543361,0.851790157998727,0.857914707399467,0.82415148334805,0.831242477370821,0.829591658134088,0.834164860042961,0.821757312111037,0.823524468653795,0.814104948727655,0.817313838051331,0.816002494647111
"106",0.965347979105643,0.910592993319188,0.894420848851845,0.910537957631233,0.901748276159529,0.88746400629518,0.853444795232187,0.860451766139068,0.851213341467743,0.855994013810677,0.862299117464102,0.866480382029669,0.865219945790835,0.840566191656236,0.817749104229663,0.82610620122106,0.826490618668819,0.814010403435605,0.792375549873351
"107",0.98968940203677,0.944764307758852,0.941223114728104,0.932073614467814,0.929164144997334,0.917460534091509,0.861282413491074,0.83972221881997,0.837714418002049,0.844584373271788,0.8519064287215,0.855674807780999,0.859713575699054,0.836567138416164,0.840170428194999,0.845421682937205,0.84143754253798,0.810639279758543,0.788255809903089
"108",0.977567573777866,0.940958934588109,0.937868742596773,0.945595921407247,0.949223978088023,0.900979501720804,0.909823469324369,0.898423667763884,0.910434375224832,0.8895682779641,0.84977782516854,0.847002798494569,0.854700532557585,0.846645116588242,0.841236042304908,0.851641603852026,0.841555306899077,0.844317026545482,0.830297582620169
"109",1.00190778971624,1.01275730293803,0.992765867596645,0.991982543181166,0.983363654433746,0.94842847160309,0.935428652516965,0.913822860041958,0.925703033590354,0.911405369146375,0.925935304417087,0.922843358841515,0.872032318402638,0.831259431304387,0.841386964806872,0.847407926463062,0.846810353849441,0.841846613260734,0.860451880045619
"110",0.806413586844775,0.840607464764731,0.86894703424311,0.871238602693722,0.891940588841398,0.909725324136646,0.924425397086779,0.924021925592282,0.921145134382199,0.931493661243929,0.948647403113837,0.92975467070224,0.901326697339266,0.892434912454123,0.878281614270476,0.861289214646874,0.85563790622186,0.854324296902588,0.849514948837875
"111",0.769910519918569,0.801025090839547,0.8272428711945,0.823910362976658,0.825071756769214,0.861958254129396,0.884604343425602,0.905329807295811,0.894509545115684,0.908393458305308,0.917006505017894,0.913894430615282,0.900198751849552,0.916546625215297,0.915404719342846,0.864904693196239,0.859441429692282,0.830897288381697,0.826893477793277
"112",0.831096637382703,0.832665668742737,0.820226522301892,0.803731563487138,0.808377079706877,0.83412767645392,0.852824601443683,0.873738212467565,0.884159338618908,0.891521156077514,0.879991789337145,0.884042745163151,0.887939827062822,0.916478120738151,0.903772671450163,0.860771569950365,0.854464469967997,0.863250052108161,0.854629239286866
"113",0.96563414945518,0.935235239086626,0.900866833100729,0.888106649228779,0.876322921349642,0.88143324135291,0.873392749262393,0.890561028447562,0.896237628981484,0.889518305008345,0.885460295813942,0.893181643103582,0.909037330448225,0.923631613283213,0.924597399057112,0.915219951990221,0.913930736579035,0.909954403255313,0.906552879594811
"114",0.990863875219566,0.94677160592554,0.899924426878209,0.91995010337214,0.918458155380324,0.913825312614785,0.88306333939553,0.873683842584371,0.879341663406249,0.846780938086036,0.856630982574944,0.850966063615058,0.85511518810107,0.87849831645083,0.883451386893417,0.902520880669996,0.912044061138405,0.902657020348469,0.884516643760916
"115",0.845072081566064,0.861123137542025,0.861218236967652,0.830889325422217,0.839098153725406,0.855528964545687,0.841183255308207,0.846347600747959,0.846632707250185,0.848779537651539,0.801011695266584,0.829664604603404,0.819394669545842,0.830385346499942,0.837484916603194,0.858605689629051,0.868748691288667,0.857426383092377,0.86507506233983
"116",0.894947854438545,0.887473316109318,0.906688475519384,0.890596857832261,0.880832376840114,0.873630337229791,0.890102620423328,0.868832140859081,0.871842800287573,0.825035519989819,0.820738579157088,0.771177586027879,0.756720246382338,0.766443317775569,0.791762017162875,0.815294091703761,0.82994320986838,0.841833119317928,0.852777715192983
"117",0.895746835758845,0.92803248795701,0.934843742521871,0.938396475859518,0.931788020006599,0.901721722926596,0.877946797934308,0.872232541441847,0.884802419763512,0.855539168172296,0.843912915690527,0.823884554870386,0.843637517605963,0.817312476704217,0.805193011798755,0.818050798413291,0.825185048079316,0.80168318660013,0.820425437474462
"118",0.920287844957717,0.916726599348458,0.931624905089683,0.948327607588087,0.935682166483572,0.89607453712109,0.911529154914321,0.888022429304187,0.891908595734062,0.901638997719059,0.909676184647255,0.907653777657846,0.905679398874199,0.880552127646023,0.882427993691526,0.873073317242267,0.863916140398101,0.861444129307513,0.871730652339905
"119",0.920379143355034,0.875244770887484,0.889098897017938,0.918998581142449,0.927917767207824,0.86762990409905,0.881780688599124,0.867588037982064,0.87784610184055,0.890349887137924,0.907352958915733,0.904227048652052,0.870923801627804,0.853678959747173,0.839653061065078,0.849517266410146,0.826679071128949,0.854456809954294,0.859804776233611
"120",0.993418154493382,0.949342144455563,0.9386713224278,0.934324675021861,0.939514884388601,0.926972028052911,0.936046626185588,0.894571903321613,0.885623658370092,0.885779348393776,0.884438193551375,0.896165790528366,0.852389897852868,0.879488682167467,0.863192776135235,0.849971207728879,0.799462435079989,0.802443134160677,0.80026074075197
"121",1.00528389128713,1.01702336220821,0.994786859137714,0.977746313748727,0.956868082599679,0.975478210585612,0.968581737150361,0.986277245887499,0.95338569872297,0.944956412068857,0.95807902067231,0.921461585790652,0.930121553719865,0.934798514687678,0.898588592898807,0.840981485485991,0.822315848938534,0.845784227250437,0.825710701269797
"122",1.00498508501805,1.0160082029723,1.01825451696453,1.01521112332173,1.00422474336299,1.02935852612144,0.992896452497505,1.01431914887953,1.00323286865096,1.00495131831206,1.00010259639637,0.992157286845476,1.00050487105329,0.959160633575995,0.947809068265711,0.918503125027161,0.893025717966048,0.894424731371641,0.861505114148981
"123",0.992041139229727,0.97882953022663,0.979673496077018,0.986534271974078,0.991056997384332,1.00019624638163,0.965126068311403,0.973380576117795,0.987912602285359,0.994773497181569,0.98002789711091,0.9931484442585,1.00246383358628,0.994879231703288,0.994148830914557,0.985259166280001,0.990900424918829,0.958154618071249,0.913753167761023
